,0,1,2,3,4,5,6,7,8,9,10,11,12,13,14,15,16,17,18,19,20,21,22,24
0,7.353931847044333,5.663010285876999,3.690522675626272,4.947726203142303,4.934276877796577,14.23,1.71,2.43,15.6,127.0,2.8,3.06,0.28,2.29,5.64,1.04,3.92,1065.0,4.7967241482517124,4.628518255802641,4.936816854025327,5.023913638241568,4.655774199027024,0
1,7.944625956058885,6.439731545018177,6.097078270659315,4.565086624499212,3.1525822912751913,13.2,1.78,2.14,11.2,100.0,2.65,2.76,0.26,1.28,4.38,1.05,3.4,1050.0,5.735528226592536,4.687819315516163,3.8643036574566563,5.294328091086765,4.31497440086753,0
2,7.499792480158772,3.717198672343044,6.239789558837609,5.117737335260905,4.898099958593678,13.16,2.36,2.67,18.6,101.0,2.8,3.24,0.3,2.81,5.68,1.03,3.17,1185.0,4.719779633326195,4.522072634742749,4.197144358645964,5.532768395586979,4.625271247433785,0
3,6.33011017247336,2.097991941134109,2.550057601645757,2.0807719363826056,7.746721679790671,14.37,1.95,2.5,16.8,113.0,3.85,3.49,0.24,2.18,7.8,0.86,3.45,1480.0,4.6280899955079535,3.7895841049566448,4.354639944149646,4.93732537017348,2.8542892308382317,0
4,2.670060495517012,3.074168949237762,6.610444400310428,6.879670649492494,5.012474429047407,13.24,2.59,2.87,21.0,118.0,2.8,2.69,0.39,1.82,4.32,1.04,2.93,735.0,2.931160413727424,3.3413008287734804,3.505851701465362,4.235521591499781,4.88164586188524,0
5,5.186077773913839,3.0648105682861315,7.939780720037178,1.024495207656254,4.113340245032687,14.2,1.76,2.45,15.2,112.0,3.27,3.39,0.34,1.97,6.75,1.05,2.85,1450.0,4.364725570815964,4.549251970834807,5.967905853989425,5.238947771013185,4.468839595821545,0
6,0.8140123266657064,3.705674953013755,5.38956797765908,7.358519737359429,1.0918572044135917,14.39,1.87,2.45,14.6,96.0,2.5,2.52,0.3,1.98,5.25,1.02,3.58,1290.0,4.448240277191914,4.214815898643369,4.169303701222571,3.965891313448362,4.637379578351735,0
7,7.810123242419102,2.7102021091952255,1.8261527889911013,2.1101875510789334,6.277632087368978,14.06,2.15,2.61,17.6,121.0,2.6,2.51,0.31,1.25,5.05,1.06,3.58,1295.0,5.592399494383986,5.286808260506493,5.173425309900261,3.7906677282335552,5.731454307764335,0
8,7.780370081131371,5.644540613157301,3.7909911125335025,1.5394486755239627,4.561870826602807,14.83,1.64,2.17,14.0,97.0,2.8,2.98,0.29,1.98,5.2,1.08,2.85,1045.0,3.4614547535187956,3.9486194197414464,6.081083064158625,3.7177396557835967,4.492201158284668,0
9,4.44461905985761,7.348006334164709,4.492458138481973,5.318362865417772,4.900543225735144,13.86,1.35,2.27,16.0,98.0,2.98,3.15,0.22,1.85,7.22,1.01,3.55,1045.0,5.894868701484876,5.3525057809760135,4.475714931247128,4.036476437952638,5.63901450008993,0
10,4.539424551663007,3.8503639643325496,2.238274412172763,2.7908442042166226,5.712795784710771,14.1,2.16,2.3,18.0,105.0,2.95,3.32,0.22,2.38,5.75,1.25,3.17,1510.0,4.841382224931522,5.178591692840029,5.302798465899845,4.020625881546856,4.992749279046473,0
11,7.5907272080313914,7.318564354393902,1.4322651666106787,3.281840283301194,1.8369206503030018,14.12,1.48,2.32,16.8,95.0,2.2,2.43,0.26,1.57,5.0,1.17,2.82,1280.0,4.260361697504937,4.761223836809621,4.496146329071977,6.213069526817215,4.886976031738671,0
12,6.926077761254347,1.1270074914864965,3.34001946144485,1.7976274828795358,2.4988326080588164,13.75,1.73,2.41,16.0,89.0,2.6,2.76,0.29,1.81,5.6,1.15,2.9,1320.0,4.493126198010284,3.376677803253324,4.548786398117386,5.596707367127513,3.945638651102988,0
13,6.917327133736652,3.5820035661863683,6.413888947457093,1.7061749478845423,6.881423389489821,14.75,1.73,2.39,11.4,91.0,3.1,3.69,0.43,2.81,5.4,1.25,2.73,1150.0,4.52258807421098,5.1312762559670135,4.398659588194543,4.511308415194251,6.071378652030917,0
14,6.268879690272615,3.3382970206081866,7.2193022287073605,5.475880857901439,3.6221523618458056,14.38,1.87,2.38,12.0,102.0,3.3,3.64,0.29,2.96,7.5,1.2,3.0,1547.0,4.731155689351196,4.496612551665646,5.056127524585272,5.687389913564459,3.6297378766660344,0
15,3.874443180658887,3.2157811164054357,4.187927727720718,5.223502065918707,5.418336466427131,13.63,1.81,2.7,17.2,112.0,2.85,2.91,0.3,1.46,7.3,1.28,2.88,1310.0,5.535696529729752,4.1860782833809616,4.35076098499002,4.840719731694395,4.169010905934052,0
16,1.7264274676692521,6.399914887221429,6.633411846450938,2.042337787661552,2.682454078503788,14.3,1.92,2.72,20.0,120.0,2.8,3.14,0.33,1.97,6.2,1.07,2.65,1280.0,6.089275748850596,4.6547879985974365,4.575241233863274,5.527880780238513,4.7967937489394465,0
17,2.525969951178054,5.986449198730762,7.633421283921496,7.162214687548126,5.459080581131697,13.83,1.57,2.62,20.0,115.0,2.95,3.4,0.4,1.72,6.6,1.13,2.57,1130.0,4.978207533684916,4.250239985184317,4.392657442755729,5.775776831070396,4.535873903604206,0
18,6.011218602608196,6.135582560365539,7.23883522832191,5.356670072726077,4.6798776716706545,14.19,1.59,2.48,16.5,108.0,3.3,3.93,0.32,1.86,8.7,1.23,2.82,1680.0,4.187291579925057,5.12632544205708,5.003162906631354,4.161968350341458,4.416348773468289,0
19,6.298068257072377,3.919853114727834,7.577713060336426,4.294838018554762,1.2590201142874566,13.64,3.1,2.56,15.2,116.0,2.7,3.03,0.17,1.66,5.1,0.96,3.36,845.0,4.879677589576824,5.335148547638241,3.0978764623773474,4.691662680591972,3.577794715322775,0
20,7.021733217528925,5.644253408488606,3.9200312784630604,7.3447408868890935,0.9140654623424169,14.06,1.63,2.28,16.0,126.0,3.0,3.17,0.24,2.1,5.65,1.09,3.71,780.0,4.7596912988935065,4.482287487117272,5.8678300901229905,5.692446272135178,3.5156312840499764,0
21,2.5871449995476388,5.452099104623874,5.005782347050154,1.7914734815299034,3.2880501948950345,12.93,3.8,2.65,18.6,102.0,2.41,2.41,0.25,1.98,4.5,1.03,3.52,770.0,4.46160919546809,5.198610933313764,5.556356741726326,4.324216005941636,4.335176031997346,0
22,6.339538682968161,2.161508656934191,4.1491289404876,6.477649448093216,1.1704221263453674,13.71,1.86,2.36,16.6,101.0,2.61,2.88,0.27,1.69,3.8,1.11,4.0,1035.0,3.82816667758097,3.9638811916353935,6.213858095330436,4.108840594619561,4.993630979040912,0
23,4.939914344242336,4.450112473966123,1.0145276363173417,3.5541230299943165,3.8259057762585655,12.85,1.6,2.52,17.8,95.0,2.48,2.37,0.26,1.46,3.93,1.09,3.63,1015.0,4.531827891252605,3.5521461206513107,3.507277693735633,5.799614146151776,4.478474364667886,0
24,2.292289263914341,1.6785814576816345,2.966139472799031,5.591086964697407,7.335437081584238,13.5,1.81,2.61,20.0,96.0,2.53,2.61,0.28,1.66,3.52,1.12,3.82,845.0,2.869010250038933,4.1911956099377345,3.634959731882327,4.643974125929957,5.232630704522162,0
25,6.370640652534119,4.270027034350055,7.6880157296842055,6.431500235981182,6.011362858617235,13.05,2.05,3.22,25.0,124.0,2.63,2.68,0.47,1.92,3.58,1.13,3.2,830.0,5.533923439316336,6.561026948715428,4.526697314972653,3.333362328973835,4.236938384042279,0
26,2.799415820530183,4.8930230720643255,7.047982489915334,6.327603318202779,3.4860041134124002,13.39,1.77,2.62,16.1,93.0,2.85,2.94,0.34,1.45,4.8,0.92,3.22,1195.0,4.581990911305899,4.193297505582094,4.271010558698483,2.642519160062548,5.591648129249127,0
27,2.4807519065150223,4.1858355803016964,4.570672366230151,5.686282124554643,1.6173797273620951,13.3,1.72,2.14,17.0,94.0,2.4,2.19,0.27,1.35,3.95,1.02,2.77,1285.0,5.00044954297384,3.99687820328332,4.380272364088219,4.43850238798587,2.8552184449724347,0
28,7.83641816404713,6.665267067453438,4.473709073576888,2.174113611792862,5.751642690346123,13.87,1.9,2.8,19.4,107.0,2.95,2.97,0.37,1.76,4.5,1.25,3.4,915.0,5.242671276274002,3.419538617558792,4.977917152268631,3.872205245904699,5.977473312852424,0
29,5.025085559507604,2.125044872981927,1.4316456046300674,7.26751720437428,5.828039095460105,14.02,1.68,2.21,16.0,96.0,2.65,2.33,0.26,1.98,4.7,1.04,3.59,1035.0,4.346946152656811,4.281097716535184,4.522797576763749,5.0630481142865875,4.985020967492524,0
30,4.455040097732474,5.542337862090918,1.2755042583566008,7.435969870520524,6.08744818222575,13.73,1.5,2.7,22.5,101.0,3.0,3.25,0.29,2.38,5.7,1.19,2.71,1285.0,4.9480482812649065,3.496688591971844,5.911592226454409,5.81145805183738,6.036497728462024,0
31,3.5671047587787097,3.948416227131274,5.846054907491804,6.411356672221193,4.279819111368328,13.58,1.66,2.36,19.1,106.0,2.86,3.19,0.22,1.95,6.9,1.09,2.88,1515.0,4.761669058411032,4.797776472672456,4.795351131201116,4.0747390706231315,4.88401264606986,0
32,1.7961596513705866,2.982916888160634,6.87218339066477,4.479779041097093,5.449965394194197,13.68,1.83,2.36,17.2,104.0,2.42,2.69,0.42,1.97,3.84,1.23,2.87,990.0,5.822043909036649,5.347608074284425,4.581056198860826,4.305296146508526,3.8964056300127057,0
33,2.0832171607689203,3.5747865070966105,2.3860876643053786,3.850939542974423,4.2338330081699755,13.76,1.53,2.7,19.5,132.0,2.95,2.74,0.5,1.35,5.4,1.25,3.0,1235.0,3.893386063566392,4.301440514236145,6.980919432783644,3.8538729772818487,4.226291756235501,0
34,6.645925562299957,2.809313213179944,6.742107490801878,7.236991056452377,1.7998491070689098,13.51,1.8,2.65,19.0,110.0,2.35,2.53,0.29,1.54,4.2,1.1,2.87,1095.0,4.795442175875673,4.841192201886633,5.079838628954717,3.9041648253356245,4.040203431239394,0
35,7.58748787899588,2.88798026142207,3.4745315168035527,5.459915379313571,4.6137292840559,13.48,1.81,2.41,20.5,100.0,2.7,2.98,0.26,1.86,5.1,1.04,3.47,920.0,5.073822424977302,4.8439492532702495,3.421114749365912,4.313856288742742,4.380662653185402,0
36,1.5509669950713505,1.469307088225817,4.904982559048393,7.247861933953562,3.9884964207565643,13.28,1.64,2.84,15.5,110.0,2.6,2.68,0.34,1.36,4.6,1.09,2.78,880.0,5.5453231135381955,5.077213411530463,3.776857826209377,4.9774615511711575,5.309600380280577,0
37,2.4282392925133003,3.768222392784722,3.339794969670548,4.902171889393048,3.347107827713654,13.05,1.65,2.55,18.0,98.0,2.45,2.43,0.29,1.44,4.25,1.12,2.51,1105.0,3.4390173071841392,5.490282092184691,4.714527092602044,3.417073104632955,5.824499109373549,0
38,4.000534851282226,0.8001388320744013,4.365857159524796,7.018124013560533,1.7047342687389733,13.07,1.5,2.1,15.5,98.0,2.4,2.64,0.28,1.37,3.7,1.18,2.69,1020.0,3.3198547066278845,3.8667607313810777,4.171701515212565,4.93386906522832,5.453297100353409,0
39,3.3403433337146287,3.468648515971593,3.9961378376745484,1.1980502575268064,1.0442152402100864,14.22,3.99,2.51,13.2,128.0,3.0,3.04,0.2,2.08,5.1,0.89,3.53,760.0,5.288955887323203,4.363419451451,4.601848672315841,7.37887924722357,5.094084613345265,0
40,2.604506719466451,5.544379978794294,1.4221166961408684,2.117185347939039,4.866914094098887,13.56,1.71,2.31,16.2,117.0,3.15,3.29,0.34,2.34,6.13,0.95,3.38,795.0,5.886394972545865,4.014217863184764,5.724253963036212,3.215265870170495,2.242251400143081,0
41,3.2309363103715927,6.045559099288961,2.295508441717512,4.605781666518947,6.279292490850994,13.41,3.84,2.12,18.8,90.0,2.45,2.68,0.27,1.48,4.28,0.91,3.0,1035.0,4.146698046379428,4.562604292527149,3.2306538551185113,4.9254459499832475,5.364008981959537,0
42,4.800411237768441,5.1859311779426704,5.213482195108405,3.488822456821415,6.3695232313147,13.88,1.89,2.59,15.0,101.0,3.25,3.56,0.17,1.7,5.43,0.88,3.56,1095.0,3.4273604571601117,4.838697947224704,3.7312258288254645,4.219448030393984,5.681397113120851,0
43,7.754965514342485,7.818348068149272,7.05259467235307,6.331057485097429,1.2911652907793836,13.24,3.98,2.29,17.5,103.0,2.64,2.63,0.32,1.66,4.36,0.82,3.0,680.0,3.9505388317076697,4.334646946583324,4.918999629927972,4.317857467803303,3.53471600949286,0
44,2.0537517173279363,2.3355422378404853,7.569782240661714,7.322367166749316,5.0519303539201665,13.05,1.77,2.1,17.0,107.0,3.0,3.0,0.28,2.03,5.04,0.88,3.35,885.0,5.009775069627407,4.191860653683329,4.595146004591272,3.7924356224880187,3.9730812859774316,0
45,6.590482706503429,3.9831932207660388,5.2498634607076715,6.406416280874759,5.267790064466534,14.21,4.04,2.44,18.9,111.0,2.85,2.65,0.3,1.25,5.24,0.87,3.33,1080.0,3.2806110867732183,4.6911451046467825,4.76911235678569,5.191914038687006,3.638458865321974,0
46,6.187613843146323,6.150609392284926,1.424468956994514,7.282242079055267,2.9555297714530635,14.38,3.59,2.28,16.0,102.0,3.25,3.17,0.27,2.19,4.9,1.04,3.44,1065.0,3.702470636689654,4.930314044042347,5.083331542539106,4.219134770761249,5.259372237438711,0
47,1.4396602960508287,0.9358232414575149,5.100153719813079,5.083449548599899,4.4501100075597435,13.9,1.68,2.12,16.0,101.0,3.1,3.39,0.21,2.14,6.1,0.91,3.33,985.0,4.263808116971457,4.249716420680676,3.4675479154127435,3.81984425073005,4.954920208525454,0
48,7.338848732724361,1.3176499969927438,7.622981035834283,4.252886727025905,6.225517593313601,14.1,2.02,2.4,18.8,103.0,2.75,2.92,0.32,2.38,6.2,1.07,2.75,1060.0,5.541869917703026,5.467077326758266,4.446839010391272,5.188563466552338,4.987651390189625,0
49,2.105018730020372,5.811684533934642,0.9770234704692939,3.428466020009462,2.781286047590268,13.94,1.73,2.27,17.4,108.0,2.88,3.54,0.32,2.08,8.9,1.12,3.1,1260.0,3.352869689808167,4.226491955103538,5.033075899787298,5.898867215199818,4.260920121278003,0
50,5.623808903176564,2.7081730065268994,2.118515136179246,4.9811435192469515,3.667024859438468,13.05,1.73,2.04,12.4,92.0,2.72,3.27,0.17,2.91,7.2,1.12,2.91,1150.0,4.290042874633514,6.717369887243011,4.632230489917839,1.9346651352772826,3.7892384865518105,0
51,5.9586250064164625,1.6886100277875302,2.9710105505841984,5.213003390793241,3.264430061341513,13.83,1.65,2.6,17.2,94.0,2.45,2.99,0.22,2.29,5.6,1.24,3.37,1265.0,4.999901199332537,4.479458958999777,3.612333777383491,4.716019577240214,5.324396473099881,0
52,5.884336359473282,7.137536769633787,3.4634047601088076,5.334970974086558,2.4592528041493975,13.82,1.75,2.42,14.0,111.0,3.88,3.74,0.32,1.87,7.05,1.01,3.26,1190.0,3.1405037288558217,5.680768380238326,4.222767814569051,5.0093222999575,4.410820810926817,0
53,0.9815392884697993,6.4109191063612725,5.088575720889082,4.693793635508866,3.4452648300031683,13.77,1.9,2.68,17.1,115.0,3.0,2.79,0.39,1.68,6.3,1.13,2.93,1375.0,4.519162023307679,3.8498274399778936,4.596989076706899,4.419403611284532,3.8980446097415946,0
54,1.4845171606015999,2.8197794716955253,3.69699701859403,3.408118690954098,2.0693657451318637,13.74,1.67,2.25,16.4,118.0,2.6,2.9,0.21,1.62,5.85,0.92,3.2,1060.0,6.054081824238418,4.666928585189244,3.754967595339778,5.188878077036703,5.182197863088101,0
55,5.630557341476498,3.480638125953317,2.008061496688288,3.4186374822982573,3.261439266196655,13.56,1.73,2.46,20.5,116.0,2.96,2.78,0.2,2.45,6.25,0.98,3.03,1120.0,3.9889938901978947,4.014870473842269,5.223172976537165,3.8096700560455874,3.777219700688908,0
56,5.246181121494791,5.618238073924957,4.401711964144043,4.477108073302225,4.920687867215759,14.22,1.7,2.3,16.3,118.0,3.2,3.0,0.26,2.03,6.38,0.94,3.31,970.0,6.122843535287634,3.701194308224302,4.772582143655848,2.670467518514981,5.134199414662206,0
57,6.144884138332513,2.8802109861652836,7.265108105771192,4.717321612740713,5.214638582134364,13.29,1.97,2.68,16.8,102.0,3.0,3.23,0.31,1.66,6.0,1.07,2.84,1270.0,5.258868417637961,6.981180671269138,4.082683443330044,5.392612383486623,5.096607805436233,0
58,7.304377772995545,4.029921515591536,6.109347649396622,6.9916675969799735,1.0192803206292993,13.72,1.43,2.5,16.7,108.0,3.4,3.67,0.19,2.04,6.8,0.89,2.87,1285.0,5.621325103672963,5.2384962463226525,5.249552905203606,4.363473347435887,3.9407908758415804,0
59,5.162924655290663,4.35589334224148,3.998562892035742,0.9105824057514711,6.583539562382707,12.37,0.94,1.36,10.6,88.0,1.98,0.57,0.28,0.42,1.95,1.05,1.82,520.0,5.325948360849849,5.498937553840014,5.110020040332092,3.7513549717761214,3.923862760885199,1
60,5.876155170879021,6.261914612167033,2.3670648801924266,1.8117188217075908,1.439041681084411,12.33,1.1,2.28,16.0,101.0,2.05,1.09,0.63,0.41,3.27,1.25,1.67,680.0,4.832102583796981,4.725815026702393,4.365101162643445,5.0617009781952795,3.733664881055148,1
61,5.047955429426611,0.8553407195166113,1.1495474325504305,3.762632560532725,5.0254626710757915,12.64,1.36,2.02,16.8,100.0,2.02,1.41,0.53,0.62,5.75,0.98,1.59,450.0,4.464234040568348,4.810316758234188,5.617300928097226,4.47770170602858,4.3495436382664,1
62,7.872157648766939,6.706808192202432,4.442453737361762,2.7388385760600302,5.647220806335874,13.67,1.25,1.92,18.0,94.0,2.1,1.79,0.32,0.73,3.8,1.23,2.46,630.0,4.188943372342415,6.469699191213185,2.974368024337079,3.70324054647677,4.231145643474214,1
63,6.707762048598929,5.250147480936336,4.462407342736892,3.297347354260947,7.705684032025742,12.37,1.13,2.16,19.0,87.0,3.5,3.1,0.19,1.87,4.45,1.22,2.87,420.0,5.0166806207021475,4.771674822917144,3.004729922951417,4.285218510068775,4.32064224651633,1
64,1.3471472413928085,2.5162397638121905,7.663739555649646,1.8605537774585357,6.139243873795188,12.17,1.45,2.53,19.0,104.0,1.89,1.75,0.45,1.03,2.95,1.45,2.23,355.0,4.549860274536833,4.927596556950697,4.238438820770524,4.858285222923315,5.751882450898529,1
65,2.282393606277825,3.641321308358106,1.389862579388816,7.495800464848192,2.0312042335395737,12.37,1.21,2.56,18.1,98.0,2.42,2.65,0.37,2.08,4.6,1.19,2.3,678.0,5.333562642136588,3.4821380738215906,4.203293196306044,4.656616680426777,3.324683604646121,1
66,2.0432652035584065,7.580952340458063,3.823373181340733,3.77782983082884,3.141596300333715,13.11,1.01,1.7,15.0,78.0,2.98,3.18,0.26,2.28,5.3,1.12,3.18,502.0,4.983904208998926,4.129349889435996,4.332344972032162,3.9663203195993146,4.3741560559038515,1
67,3.7233736411820457,1.7119901736747107,4.761870187809703,3.8643052779100553,1.9999478634633188,12.37,1.17,1.92,19.6,78.0,2.11,2.0,0.27,1.04,4.68,1.12,3.48,510.0,4.519096648124426,4.619897205408866,5.70543780436861,4.42578593446843,3.9625577636882574,1
68,2.1332312213415223,2.1308992433565974,1.12107270936032,7.600707560124,5.029652670161958,13.34,0.94,2.36,17.0,110.0,2.53,1.3,0.55,0.42,3.17,1.02,1.93,750.0,4.316800951572686,5.162140725883202,4.619321556124871,4.24931379786212,4.427252175562452,1
69,3.7521861930234977,3.753636992631202,1.9820931007777194,1.2371299384052552,4.210048961269284,12.21,1.19,1.75,16.8,151.0,1.85,1.28,0.14,2.5,2.85,1.28,3.07,718.0,5.552789585770101,4.222856835217959,4.277806866973851,4.503806631882352,4.607213157249208,1
70,4.5917430026376795,6.002645424512865,3.9470636068370273,1.9062468316590668,7.222886607357936,12.29,1.61,2.21,20.4,103.0,1.1,1.02,0.37,1.46,3.05,0.906,1.82,870.0,5.509168272309979,4.828743654073684,4.91651398022688,4.911225931827477,4.9303448858784416,1
71,1.1124466109845792,4.898422787748797,6.183941491117268,6.594855059978494,5.832805246535412,13.86,1.51,2.67,25.0,86.0,2.95,2.86,0.21,1.87,3.38,1.36,3.16,410.0,3.227039583412669,3.7891994451589315,4.181891941382715,5.229337226664222,4.081352680739544,1
72,6.859108717269013,5.46414334670363,4.84449090431535,6.738939308993156,3.1513917075574294,13.49,1.66,2.24,24.0,87.0,1.88,1.84,0.27,1.03,3.74,0.98,2.78,472.0,4.05249125339428,4.861484365779399,3.365226676889005,5.47130965925694,4.905865560351216,1
73,6.29780611863113,3.477415265245441,1.9960864772306968,1.115088630035136,2.5115067489510703,12.99,1.67,2.6,30.0,139.0,3.3,2.89,0.21,1.96,3.35,1.31,3.5,985.0,4.452698840684686,4.610944545623941,4.696589617420173,6.335251413039892,3.6744407538175645,1
74,7.7112417372916005,7.587292224005577,3.9134557523603206,6.767593972758145,1.3635953281405828,11.96,1.09,2.3,21.0,101.0,3.38,2.14,0.13,1.65,3.21,0.99,3.13,886.0,4.092275622912659,5.100494150134077,4.853521237397343,4.2194198184868075,4.052374540658438,1
75,4.283179867952498,5.495653410706383,7.8500494072298554,6.915438167085142,4.529419422386277,11.66,1.88,1.92,16.0,97.0,1.61,1.57,0.34,1.15,3.8,1.23,2.14,428.0,4.427584829801092,6.021251682950572,5.877309317154919,4.684480784516992,3.5000419223855697,1
76,6.15316655675732,1.5679182191250067,4.275840340778389,3.2926803001104363,4.808475785348604,13.03,0.9,1.71,16.0,86.0,1.95,2.03,0.24,1.46,4.6,1.19,2.48,392.0,5.571659169260296,2.784813979107665,5.612176416833764,3.4662494146887584,3.916633940518048,1
77,7.410799478968697,7.232184654982936,1.2534233541338222,4.300539620291003,1.0604830333253934,11.84,2.89,2.23,18.0,112.0,1.72,1.32,0.43,0.95,2.65,0.96,2.52,500.0,3.040143595791425,4.863661051518236,3.557971062312725,3.868868606265237,5.743377782739521,1
78,3.9342112645782237,1.916820034337015,2.8904596852245685,4.400676508546136,4.150261007173051,12.33,0.99,1.95,14.8,136.0,1.9,1.85,0.35,2.76,3.4,1.06,2.31,750.0,4.018366636826476,5.190426572149495,5.275290005691649,5.21085561255515,2.6913482142794516,1
79,4.818620418457006,3.251781489787881,7.244372450315694,2.9077758900393804,2.691537098415462,12.7,3.87,2.4,23.0,101.0,2.83,2.55,0.43,1.95,2.57,1.19,3.13,463.0,4.853672205726665,4.5114202219127995,3.354596466239413,4.389123271659388,4.9056618546547615,1
80,4.210630326185027,7.278761228747913,2.418962549688971,1.6257756467152031,3.1775291018324747,12.0,0.92,2.0,19.0,86.0,2.42,2.26,0.3,1.43,2.5,1.38,3.12,278.0,2.7025406682182656,4.289875477646111,4.31504224564682,4.456396940874734,5.090339751032467,1
81,3.924104416963009,4.607756915799582,2.449613439457289,2.416005650638801,5.369322801127602,12.72,1.81,2.2,18.8,86.0,2.2,2.53,0.26,1.77,3.9,1.16,3.14,714.0,3.0314268284932293,5.528822933907155,4.182335692863354,4.227838909528372,5.130269899913915,1
82,4.8609585026025615,1.67426662985249,3.8596266436776245,3.31115686029944,6.537638101902078,12.08,1.13,2.51,24.0,78.0,2.0,1.58,0.4,1.4,2.2,1.31,2.72,630.0,3.7642287300748594,5.8446105748242045,3.22842496196553,4.598140326653867,4.347697463806024,1
83,4.1833284655143075,4.817022706701127,5.028026073444214,1.4803173523893696,2.6238519319680678,13.05,3.86,2.32,22.5,85.0,1.65,1.59,0.61,1.62,4.8,0.84,2.01,515.0,4.924254706989021,5.450124672087943,5.538863730394015,4.006445044393364,3.904300830874904,1
84,2.769204852852308,3.0655675807092932,3.9516051676252397,2.504244341576516,2.143004537895554,11.84,0.89,2.58,18.0,94.0,2.2,2.21,0.22,2.35,3.05,0.79,3.08,520.0,4.538443094839009,6.235711616887209,6.16337233049519,4.91609639584149,4.71735794277602,1
85,2.5916757269021784,2.9544965576944295,2.424045407354796,4.67950058198506,7.2812115661906525,12.67,0.98,2.24,18.0,99.0,2.2,1.94,0.3,1.46,2.62,1.23,3.16,450.0,3.999386700079112,5.238761847252853,4.20094515482348,4.963646011069479,4.749246879335614,1
86,5.2020051419492095,5.769985269987592,7.483048011407229,3.2138131385395385,2.3436347984939605,12.16,1.61,2.31,22.8,90.0,1.78,1.69,0.43,1.56,2.45,1.33,2.26,495.0,6.262585681288464,5.087306708009146,6.0130915874152295,5.254722198174881,4.325478900592786,1
87,4.2656414747096285,7.682417335676312,4.951896240770967,5.677866732522559,2.714894490397484,11.65,1.67,2.62,26.0,88.0,1.92,1.61,0.4,1.34,2.6,1.36,3.21,562.0,5.4151750963538205,2.841227626627313,5.9221034198474305,3.8589647990000495,4.419063441169813,1
88,3.366024324966966,7.421936434392594,2.2586489951068383,3.744659183181851,1.4740551006446574,11.64,2.06,2.46,21.6,84.0,1.95,1.69,0.48,1.35,2.8,1.0,2.75,680.0,3.6009969511787476,5.226798290774571,4.857598490009589,6.2656859405685745,3.8616760101058922,1
89,3.3831005876643307,5.678551559489476,2.7959818742270897,0.8825476015598698,6.798738093057649,12.08,1.33,2.3,23.6,70.0,2.2,1.59,0.42,1.38,1.74,1.07,3.21,625.0,4.35319792007545,5.586636050290997,3.97214544600361,4.6803660153027895,5.189062514318553,1
90,3.879419102012934,5.1630260812609166,2.5877608173089475,2.6493229699592806,6.157915630610484,12.08,1.83,2.32,18.5,81.0,1.6,1.5,0.52,1.64,2.4,1.08,2.27,480.0,4.5895789914300265,4.819371749944876,6.330148897860752,6.109650713211019,4.640442017134109,1
91,6.355796926119908,1.4287870853175741,7.4738375696364905,1.636206097644299,2.4062658669729102,12.0,1.51,2.42,22.0,86.0,1.45,1.25,0.5,1.63,3.6,1.05,2.65,450.0,4.20588032507857,4.355397529991074,5.5135138410856515,5.308573568822809,3.2972056989752327,1
92,1.9786480581090768,1.4793955224601185,7.09166846563729,1.8693470381681663,6.048676542015696,12.69,1.53,2.26,20.7,80.0,1.38,1.46,0.58,1.62,3.05,0.96,2.06,495.0,5.696150415201683,5.869045699145245,4.82374908717734,4.785893745408415,4.493549045464049,1
93,5.607407664383579,7.7015634729315305,3.120529449816479,5.012051317702901,3.6731695799253368,12.29,2.83,2.22,18.0,88.0,2.45,2.25,0.25,1.99,2.15,1.15,3.3,290.0,5.270320782924032,3.0827001688027824,4.195600059641038,3.3781610363681702,5.1601563258265335,1
94,4.339172886459932,6.2032651616668275,1.2153216920608818,1.9374535267961925,3.5159579808689654,11.62,1.99,2.28,18.0,98.0,3.02,2.26,0.17,1.35,3.25,1.16,2.96,345.0,5.314434729346567,4.918212819214332,4.766057402519841,4.403766552075055,4.173295029948009,1
95,6.384923306722837,1.8392916867796592,1.2112578211930796,5.985895194648261,7.866866589392397,12.47,1.52,2.2,19.0,162.0,2.5,2.27,0.32,3.28,2.6,1.16,2.63,937.0,4.514585875664164,4.247183508827864,3.0666843947540983,5.700610019449257,4.847432174726087,1
96,4.611371968181393,6.4787999378407894,2.0315723709813174,4.915016474043222,4.034037136982138,11.81,2.12,2.74,21.5,134.0,1.6,0.99,0.14,1.56,2.5,0.95,2.26,625.0,4.295047802977804,4.493871788669634,5.100438656594747,3.9980892145599984,6.511681878859829,1
97,5.722931236048716,2.0947643832327203,3.958611534505058,1.0589603235836456,5.484773591682885,12.29,1.41,1.98,16.0,85.0,2.55,2.5,0.29,1.77,2.9,1.23,2.74,428.0,5.377725272445578,3.5239672463517975,5.508427951819235,3.8231307283530973,3.975164436607877,1
98,5.520142693571991,4.375159629668435,7.190227079129431,2.1653124588204107,3.7151933083185296,12.37,1.07,2.1,18.5,88.0,3.52,3.75,0.24,1.95,4.5,1.04,2.77,660.0,5.1186901328778305,5.137259261709827,3.7459491076182614,4.439150910961465,4.491267768981728,1
99,4.874815154586836,5.081020457786791,1.0812210930772617,5.045710889575433,5.140595643009984,12.29,3.17,2.21,18.0,88.0,2.85,2.99,0.45,2.81,2.3,1.42,2.83,406.0,5.13908376504329,3.6841240716155372,5.126183802329231,4.248622026905872,4.553866742141987,1
100,5.931382816832931,0.7892908603849207,2.4450089564630817,0.8499450938870251,3.7845611011005453,12.08,2.08,1.7,17.5,97.0,2.23,2.17,0.26,1.4,3.3,1.27,2.96,710.0,5.228145548703268,3.4854119835934725,4.78197339586958,6.108829979818257,4.780184311861287,1
101,7.672177564012827,7.657714362334596,2.127187179373314,6.556916075299325,4.207148179186568,12.6,1.34,1.9,18.5,88.0,1.45,1.36,0.29,1.35,2.45,1.04,2.77,562.0,3.46095493700565,3.6627135556313233,6.441165100549013,3.310839686120292,5.158749204894627,1
102,1.391908508207945,5.408739906170778,5.855821527493766,1.5489656363976168,5.82088897336062,12.34,2.45,2.46,21.0,98.0,2.56,2.11,0.34,1.31,2.8,0.8,3.38,438.0,4.3345383724541895,4.642738318088705,4.7172959432639745,3.582869250933322,5.312512245375028,1
103,6.797165461853235,1.7297313802132774,5.81826669912436,1.7597658670537029,6.4048852118169135,11.82,1.72,1.88,19.5,86.0,2.5,1.64,0.37,1.42,2.06,0.94,2.44,415.0,4.018186831377184,5.4129758023104735,4.318490797478402,4.861716481726335,5.352515351967522,1
104,3.86405804450036,2.363216288050266,4.545716263029689,1.7799729262802497,3.8766474287199433,12.51,1.73,1.98,20.5,85.0,2.2,1.92,0.32,1.48,2.94,1.04,3.57,672.0,4.264333017700798,4.209543123566857,5.0384494594738385,4.5378822158075725,4.400880378639271,1
105,2.298605017765755,3.073956610010889,0.945440430284702,2.811442030958571,6.3818444124616045,12.42,2.55,2.27,22.0,90.0,1.68,1.84,0.66,1.42,2.7,0.86,3.3,315.0,5.631047848300301,5.169304855085044,4.604804340028883,5.15481627774939,4.973749410579827,1
106,3.226654503154968,3.5872159977599867,0.9247159032700539,1.2701882530503454,1.6834551126249497,12.25,1.73,2.12,19.0,80.0,1.65,2.03,0.37,1.63,3.4,1.0,3.17,510.0,5.4180230860264995,4.447166667842736,4.849973174199726,4.524193615751902,3.658411112681137,1
107,5.416326872782318,4.1471384793996435,2.668903337414864,3.394697643840092,7.6690057407470835,12.72,1.75,2.28,22.5,84.0,1.38,1.76,0.48,1.63,3.3,0.88,2.42,488.0,3.606094268324603,6.0863737705776195,5.375086369439787,4.280048377749385,1.9810159727318561,1
108,4.134889670550293,5.989146737061963,1.423765264130171,3.630842113750016,7.606196817899142,12.22,1.29,1.94,19.0,92.0,2.36,2.04,0.39,2.08,2.7,0.86,3.02,312.0,3.9868011724782955,3.7539569931040884,4.891361420013542,3.698569819102664,4.356011891801511,1
109,1.1472182456094455,4.402800876676508,5.936837580516926,1.9948791428260542,1.313088555226141,11.61,1.35,2.7,20.0,94.0,2.74,2.92,0.29,2.49,2.65,0.96,3.26,680.0,3.5590596750408205,2.1908977798389886,3.841713394360796,5.724337596577287,5.73495584689482,1
110,3.275749626802357,7.432481159087814,5.646457944655618,2.400001591280039,1.9095270438245016,11.46,3.74,1.82,19.5,107.0,3.18,2.58,0.24,3.58,2.9,0.75,2.81,562.0,3.8981809145162782,6.426705594166064,4.82184042955431,4.281453053246697,4.827216841814877,1
111,2.8905721311690304,3.0403731995622474,5.464719611833227,7.020484245279608,2.5504481302114232,12.52,2.43,2.17,21.0,88.0,2.55,2.27,0.26,1.22,2.0,0.9,2.78,325.0,4.383728791414338,4.405922517528177,2.2237325857334644,5.582250164001563,5.600991547126835,1
112,3.1956226622652695,3.052789972548724,3.120118502256786,2.1275768653349427,1.5733926760748336,11.76,2.68,2.92,20.0,103.0,1.75,2.03,0.6,1.05,3.8,1.23,2.5,607.0,5.823490628189101,5.133740480190338,4.611653145464715,4.433847844114455,5.863280480767163,1
113,1.032045234988149,5.7884286066055,7.9783565514542785,1.2631094657351527,7.278477239413794,11.41,0.74,2.5,21.0,88.0,2.48,2.01,0.42,1.44,3.08,1.1,2.31,434.0,3.2404547935566743,3.188538917214319,4.245373055573652,2.9877835559261916,4.42291784351647,1
114,1.2618563167656007,2.4881117549783944,4.051628569560481,7.543870744834968,0.8245186639636879,12.08,1.39,2.5,22.5,84.0,2.56,2.29,0.43,1.04,2.9,0.93,3.19,385.0,5.074670450163767,3.8578320225661678,4.238081214311165,5.798668037860721,5.189369343497235,1
115,1.8161013002001938,7.087754974189126,7.280937717980051,0.9794493973626862,2.2245012545949905,11.03,1.51,2.2,21.5,85.0,2.46,2.17,0.52,2.01,1.9,1.71,2.87,407.0,2.7399536757927594,3.9863859752117823,3.249949426209412,4.592354202666586,5.168492995002854,1
116,3.7688008530081505,2.9577110632378667,5.8770962131911695,2.0439804544200886,4.433825801589295,11.82,1.47,1.99,20.8,86.0,1.98,1.6,0.3,1.53,1.95,0.95,3.33,495.0,4.329263923601677,4.202322013400631,4.63225403160837,4.467028243975802,3.976391396891746,1
117,6.574079921895994,3.2306623453432963,2.345843121403839,7.101215989739358,4.97057550082903,12.42,1.61,2.19,22.5,108.0,2.0,2.09,0.34,1.61,2.06,1.06,2.96,345.0,4.505853292590492,4.3631471466661385,5.102520698185768,3.3860958920879174,4.3304918395606755,1
118,1.6980918067780015,7.089179203213059,5.628941094016631,2.1752524667267914,5.693815663055095,12.77,3.43,1.98,16.0,80.0,1.63,1.25,0.43,0.83,3.4,0.7,2.12,372.0,4.340924002012975,5.302454536279815,4.7592426364255,3.808809178596537,5.106998413475189,1
119,3.8946741301888337,5.354896481921868,5.353528727856337,7.30350895345843,4.025634621676058,12.0,3.43,2.0,19.0,87.0,2.0,1.64,0.37,1.87,1.28,0.93,3.05,564.0,3.435098752763564,3.1417434103271056,4.6541215656133454,2.824584953321012,3.8013992634910387,1
120,7.350902177377433,3.077215602545493,6.830175559169633,4.926478715649201,1.855506679455933,11.45,2.4,2.42,20.0,96.0,2.9,2.79,0.32,1.83,3.25,0.8,3.39,625.0,5.089136901764341,4.8137500745891435,4.8627647216986345,6.178273501466067,4.032082389564095,1
121,0.9760127061162298,1.8620700783758566,6.512515542800747,0.8407819173930612,1.7986258698267763,11.56,2.05,3.23,28.5,119.0,3.18,5.08,0.47,1.87,6.0,0.93,3.69,465.0,5.066848601368007,4.542892693873273,4.610863999319872,6.055196566219428,4.22689439985775,1
122,8.001330952665011,3.751738289438607,6.86466572736745,4.194644281427379,1.2237946566214248,12.42,4.43,2.73,26.5,102.0,2.2,2.13,0.43,1.71,2.08,0.92,3.12,365.0,5.3687808861005,4.458263148032903,2.5826204697696387,4.547069937476544,3.1782083853400507,1
123,1.0022195079354093,7.375819375424745,2.858595983005426,4.371289223221773,3.378003783782169,13.05,5.8,2.13,21.5,86.0,2.62,2.65,0.3,2.01,2.6,0.73,3.1,380.0,5.572927442303478,4.920588993189742,4.160525163331079,4.595768514257749,5.314758264617162,1
124,4.416759502744193,4.96954298743229,1.1308998646914081,0.9549321068720844,6.48201517977661,11.87,4.31,2.39,21.0,82.0,2.86,3.03,0.21,2.91,2.8,0.75,3.64,380.0,5.445206414076046,4.274029652171946,2.9192809544148646,4.986850365350565,3.865422584346031,1
125,6.683899029202204,1.4573607198703495,7.457856686741436,1.1600876205212138,5.320471888209569,12.07,2.16,2.17,21.0,85.0,2.6,2.65,0.37,1.35,2.76,0.86,3.28,378.0,6.3212022429035475,3.5330240604706846,5.287858029976391,4.700909459683388,5.367596933739784,1
126,4.58381923095936,3.7820830104790897,2.5225894242760574,5.095824205850448,4.165008712926968,12.43,1.53,2.29,21.5,86.0,2.74,3.15,0.39,1.77,3.94,0.69,2.84,352.0,4.481052933272879,3.485791321196646,5.989777875728069,3.85576015867042,4.1190708206452396,1
127,5.019180790161639,4.336717891728239,6.082629508486412,4.589952579584101,5.3276363263612145,11.79,2.13,2.78,28.5,92.0,2.13,2.24,0.58,1.76,3.0,0.97,2.44,466.0,3.4135841655078423,4.623083358988942,3.6899814693072894,3.7460668429471085,5.5436564480180675,1
128,7.32309890826715,4.373484742815532,5.116278762997079,3.98935206761512,1.7490378745659954,12.37,1.63,2.3,24.5,88.0,2.22,2.45,0.4,1.9,2.12,0.89,2.78,342.0,4.826080943949363,3.686219587939374,3.5823628218360253,5.671413499742252,4.202505842110975,1
129,1.8067823196602566,4.4546272241531835,6.463270428934999,6.984067495639083,0.9809179916667703,12.04,4.3,2.38,22.0,80.0,2.1,1.75,0.42,1.35,2.6,0.79,2.57,580.0,4.464741679486849,4.100490063289049,3.352248464997386,5.483465502449486,4.105741740808434,1
130,7.86081819915535,7.488147564631607,2.7769690600037444,1.6661538053642575,2.3134484496881527,12.86,1.35,2.32,18.0,122.0,1.51,1.25,0.21,0.94,4.1,0.76,1.29,630.0,4.638063716434982,6.394761682695382,3.6833549018509073,4.438511085428568,3.901557558380596,2
131,4.195426745189536,4.227942348842179,3.8576976703016266,5.749282653242479,5.468393670865881,12.88,2.99,2.4,20.0,104.0,1.3,1.22,0.24,0.83,5.4,0.74,1.42,530.0,4.6776112764286815,4.600198613763711,4.474814135223851,5.467192892126194,5.212463798507332,2
132,7.798870343532115,2.0365632075105,2.4660024097834636,1.8495459605822373,3.470364635183672,12.81,2.31,2.4,24.0,98.0,1.15,1.09,0.27,0.83,5.7,0.66,1.36,560.0,3.4937654151976156,6.394670608798661,4.744372897653214,3.514551007959512,4.677692032986895,2
133,5.099755944837084,1.5724052644510873,3.5266896413008237,5.265640099246115,7.820436591635331,12.7,3.55,2.36,21.5,106.0,1.7,1.2,0.17,0.84,5.0,0.78,1.29,600.0,5.096212744059892,6.5788211081449965,5.295338978160787,5.863330903123243,4.4961757307031185,2
134,5.821427323394041,2.4602699441965465,3.6102698334558783,6.287966618316592,4.587036535860337,12.51,1.24,2.25,17.5,85.0,2.0,0.58,0.6,1.25,5.45,0.75,1.51,650.0,3.2558644085363593,5.087786194426699,5.014959492902804,5.831659754902615,3.0458662365173,2
135,6.320125755434895,7.187206058091862,7.875128872008973,6.846325551717518,4.0021408540605785,12.6,2.46,2.2,18.5,94.0,1.62,0.66,0.63,0.94,7.1,0.73,1.58,695.0,4.643804095844135,3.307101058179941,5.616494606615109,3.6738680034610525,4.874213672371199,2
136,2.9590872267832427,2.8783721780077003,7.923797386173622,1.6412521088436027,4.36736875869947,12.25,4.72,2.54,21.0,89.0,1.38,0.47,0.53,0.8,3.85,0.75,1.27,720.0,3.5286298742042783,2.504794131587361,4.102361002620774,5.566799842729762,4.194518153165413,2
137,5.467360882336104,1.0133155184852543,7.7932938818100315,2.691391294153021,1.8407930268457084,12.53,5.51,2.64,25.0,96.0,1.79,0.6,0.63,1.1,5.0,0.82,1.69,515.0,4.603181117510082,4.997441623603304,4.072582662525203,5.751127379662042,4.052742778768098,2
138,1.4218340499547848,6.095335184602608,5.946870952091871,1.9687256217217781,5.439917348472181,13.49,3.59,2.19,19.5,88.0,1.62,0.48,0.58,0.88,5.7,0.81,1.82,580.0,3.2734301486745307,3.402719756574971,5.426678402106717,3.4085263113354114,4.53079507274338,2
139,2.5281070384466893,6.8648158135269295,2.6570142872653992,2.1703607322605065,4.064799392239206,12.84,2.96,2.61,24.0,101.0,2.32,0.6,0.53,0.81,4.92,0.89,2.15,590.0,5.05385661857876,5.908237141745001,4.687973904954938,4.290911530523708,5.5792051827504805,2
140,6.508963662232393,1.6692863752666502,6.820961458648773,6.7214766642863495,4.053630909170064,12.93,2.81,2.7,21.0,96.0,1.54,0.5,0.53,0.75,4.6,0.77,2.31,600.0,6.117483353468993,1.9669220651552908,4.333352164102792,3.986001294664117,3.9560313008995003,2
141,3.951260439350501,7.360995799939552,7.986547153181963,2.3487849358510506,4.324423741523422,13.36,2.56,2.35,20.0,89.0,1.4,0.5,0.37,0.64,5.6,0.7,2.47,780.0,5.235842057677914,4.030563004934868,5.204986444976992,4.166948687887632,5.804318261922111,2
142,7.711883238045611,3.9979944416957762,5.4616741623091585,2.3282980519522822,3.475070174841126,13.52,3.17,2.72,23.5,97.0,1.55,0.52,0.5,0.55,4.35,0.89,2.06,520.0,5.317539383997322,4.301477676814642,6.20993217622589,4.908822107928903,5.941760402494731,2
143,6.292267768406882,2.0087323550103195,7.057842990513004,5.5130279793152654,3.055517686943431,13.62,4.95,2.35,20.0,92.0,2.0,0.8,0.47,1.02,4.4,0.91,2.05,550.0,5.647567778469111,4.146532460691335,4.75340387935045,5.017583375583823,3.496969551227393,2
144,3.4184303441698565,4.557400019028651,2.3814095645533806,7.043746937514546,4.405631079026131,12.25,3.88,2.2,18.5,112.0,1.38,0.78,0.29,1.14,8.21,0.65,2.0,855.0,5.301843489010276,3.7291810689442833,4.104521810060569,4.18838955434877,3.307999034708299,2
145,1.0004489706136312,6.469491942282419,0.8877424572617713,1.3347995068354113,7.1522895818607966,13.16,3.57,2.15,21.0,102.0,1.5,0.55,0.43,1.3,4.0,0.6,1.68,830.0,3.693433703185971,5.622133132887308,3.7421573251976645,4.1863821012210405,5.451749893195925,2
146,4.352357378727607,5.621347549248881,3.4612872237423606,4.200574784146648,6.877778281776585,13.88,5.04,2.23,20.0,80.0,0.98,0.34,0.4,0.68,4.9,0.58,1.33,415.0,4.445377204620321,4.396590574720338,4.839310244998607,5.143933624183347,4.502643733666726,2
147,7.80562279012303,5.899044285502658,1.5769241897505728,3.620073429071786,5.0041983517183,12.87,4.61,2.48,21.5,86.0,1.7,0.65,0.47,0.86,7.65,0.54,1.86,625.0,4.343366358582789,4.11888615823847,4.023703767526068,5.657129644357138,5.610336771388006,2
148,2.170843365967942,2.481817757287759,4.218076539735555,5.381619542690406,2.8075273714209557,13.32,3.24,2.38,21.5,92.0,1.93,0.76,0.45,1.25,8.42,0.55,1.62,650.0,6.6884536542104,5.93420150816655,5.397188127140351,5.081779763127859,4.597918432959981,2
149,4.531033641293303,6.4811720131388455,2.837527328076222,1.1766131065595842,5.489941601748292,13.08,3.9,2.36,21.5,113.0,1.41,1.39,0.34,1.14,9.4,0.57,1.33,550.0,4.525930340566498,4.044914883196457,4.971319288056334,5.3844519832583035,4.357798118179161,2
150,2.471161537321117,6.560802176254453,2.0400059525911547,7.862211493418133,7.058716972215734,13.5,3.12,2.62,24.0,123.0,1.4,1.57,0.22,1.25,8.6,0.59,1.3,500.0,4.675453770442682,2.584899853586599,4.992512386337764,4.969737413274384,4.659425934185655,2
151,2.421878338793393,4.265498182225892,5.691010831785781,6.653191443367323,2.5269525595496667,12.79,2.67,2.48,22.0,112.0,1.48,1.36,0.24,1.26,10.8,0.48,1.47,480.0,4.274543476253192,4.822389294616761,4.895929764759936,4.0106654345274535,4.764066109465878,2
152,5.297482886620159,4.396194725384643,4.373896819615596,6.327451313139036,2.795211795723044,13.11,1.9,2.75,25.5,116.0,2.2,1.28,0.26,1.56,7.1,0.61,1.33,425.0,3.4127347451865404,6.575205649871325,4.163026715478628,3.6593494913405946,4.217971579431074,2
153,6.233115084213006,7.853517543968162,0.8693654769739281,2.4437674854102704,6.753745996139839,13.23,3.3,2.28,18.5,98.0,1.8,0.83,0.61,1.87,10.52,0.56,1.51,675.0,4.746749905970746,3.9378224694337236,5.464218439525472,6.429809568545714,5.984422141111544,2
154,1.193563352349703,1.9631669907316742,1.9189083133077616,3.2455784470581546,7.094120250435229,12.58,1.29,2.1,20.0,103.0,1.48,0.58,0.53,1.4,7.6,0.58,1.55,640.0,5.132227655386085,4.717567846230796,4.6647577407071505,6.233285769536487,3.662970236539458,2
155,2.429418606947902,5.11014934331996,3.7257292584252677,2.465572483763964,2.829061116404579,13.17,5.19,2.32,22.0,93.0,1.74,0.63,0.61,1.55,7.9,0.6,1.48,725.0,4.173914310421834,4.92715770505681,5.311333834946038,4.64890963980708,4.841186956602149,2
156,3.3943886175228384,1.4299192666616325,6.460216606134146,3.8294307138188386,4.622033399759492,13.84,4.12,2.38,19.5,89.0,1.8,0.83,0.48,1.56,9.01,0.57,1.64,480.0,5.053436550790319,3.8560966011584488,3.996204005310773,5.112183604932108,4.564898361853295,2
157,2.375557764961236,3.564703218075243,3.67077015347584,4.6521694900081405,6.823648023014903,12.45,3.03,2.64,27.0,97.0,1.9,0.58,0.63,1.14,7.5,0.67,1.73,880.0,5.033916479546521,4.8620288441879325,4.406652509696264,3.7324774027264143,5.673161399038821,2
158,1.127604593170626,1.1656542458326355,6.645026057730746,2.251615031034439,1.0508276805870533,14.34,1.68,2.7,25.0,98.0,2.8,1.31,0.53,2.7,13.0,0.57,1.96,660.0,2.107631288791609,4.928684737516842,2.9457343496189665,3.7453520845389496,5.5495290221363005,2
159,5.655118978627449,6.18638744662302,2.9462293549608063,5.427708490444847,1.4630234558549953,13.48,1.67,2.64,22.5,89.0,2.6,1.1,0.52,2.29,11.75,0.57,1.78,620.0,3.43239442343289,4.204703338608787,4.345129936595859,4.9832855986367655,4.800359491044301,2
160,7.61928803116186,2.5294216678408046,3.4374224472600536,7.777032912061347,4.868091440632629,12.36,3.83,2.38,21.0,88.0,2.3,0.92,0.5,1.04,7.65,0.56,1.58,520.0,5.09420796553236,5.184593230550312,4.2723637741253775,6.597125713046417,5.939743250728857,2
161,1.7355748455731141,1.3962874611683538,6.162159078013618,4.101822197996057,6.547938601937453,13.69,3.26,2.54,20.0,107.0,1.83,0.56,0.5,0.8,5.88,0.96,1.82,680.0,4.413988292646305,4.716372690899075,4.381947886408175,6.190280500756462,4.926386771114734,2
162,7.912268794404278,7.815883893704649,6.207862972874549,4.936901927674928,4.938959182703775,12.85,3.27,2.58,22.0,106.0,1.65,0.6,0.6,0.96,5.58,0.87,2.11,570.0,4.268734194345124,5.307373733862994,4.06297361438724,5.199320738960338,3.894444624268026,2
163,2.373613450136065,1.8779028582409243,7.275859959805558,0.9601717083422785,5.491126541579834,12.96,3.45,2.35,18.5,106.0,1.39,0.7,0.4,0.94,5.28,0.68,1.75,675.0,4.37514284772622,4.792381172429773,5.161606585892399,3.2963217686683284,6.664843987336297,2
164,6.921716758520676,4.152987691012518,5.099174305810935,1.8721174645134675,4.1383591563592566,13.78,2.76,2.3,22.0,90.0,1.35,0.68,0.41,1.03,9.58,0.7,1.68,615.0,3.74320450376092,5.615880507191948,4.8991596072390395,5.777970773833143,4.66540243523839,2
165,6.946274366122541,1.576891656837581,6.068713280983135,7.919697819197322,2.1455423977081245,13.73,4.36,2.26,22.5,88.0,1.28,0.47,0.52,1.15,6.62,0.78,1.75,520.0,4.578797761705184,4.172891445770401,3.90989736519363,4.817397956606443,3.598664401260414,2
166,5.17964789809625,2.2298037113006237,3.7278531873717116,2.1808025447547466,3.0768468829912123,13.45,3.7,2.6,23.0,111.0,1.7,0.92,0.43,1.46,10.68,0.85,1.56,695.0,2.8135448875623017,3.9343364422490232,4.592989492753376,5.097156903712405,4.2395616873617055,2
167,1.5099897237963922,2.7771596490252173,7.45796482649972,1.8084347472160802,2.390319111599361,12.82,3.37,2.3,19.5,88.0,1.48,0.66,0.4,0.97,10.26,0.72,1.75,685.0,5.051175856911028,4.224316299583857,4.700115648583558,4.737504566516044,5.898750232361045,2
168,5.470831691843599,5.841408956879526,2.3008964024170266,0.8932342570850175,2.7033504634129204,13.58,2.58,2.69,24.5,105.0,1.55,0.84,0.39,1.54,8.66,0.74,1.8,750.0,5.5975188642143445,2.6487594342444565,5.093706645877841,5.164907513894498,4.103422876017595,2
169,2.848728691243316,6.329029758488151,3.1892546412961407,2.3815301194609293,7.570115330617844,13.4,4.6,2.86,25.0,112.0,1.98,0.96,0.27,1.11,8.5,0.67,1.92,630.0,5.331952770032808,4.492347689114321,5.296252383621557,4.080882961192929,4.309249338928879,2
170,4.204737601757279,4.395833871463609,5.982702455066829,2.6011651540633194,1.2236447813980966,12.2,3.03,2.32,19.0,96.0,1.25,0.49,0.4,0.73,5.5,0.66,1.83,510.0,5.218141667377619,4.268679260071464,3.1858713692610805,5.017357597338369,4.089462727561308,2
171,6.576925967330869,4.930800913512786,6.777535168653981,2.9316314349361314,4.942181225794378,12.77,2.39,2.28,19.5,86.0,1.39,0.51,0.48,0.64,9.899999,0.57,1.63,470.0,4.171341026932319,3.9385543014010813,4.222653682368933,5.395037511415975,4.086045931008381,2
172,3.4787534361703507,4.591540754796235,7.676842290237585,2.299451245998183,6.552424742937251,14.16,2.51,2.48,20.0,91.0,1.68,0.7,0.44,1.24,9.7,0.62,1.71,660.0,4.6752768346566445,4.531409304108576,5.110345219536396,5.170744244032479,4.668690202831657,2
173,2.3025247832862688,0.8164425703324172,0.8380920450305797,6.129294739588273,4.36604284192435,13.71,5.65,2.45,20.5,95.0,1.68,0.61,0.52,1.06,7.7,0.64,1.74,740.0,5.45000323127113,4.988098411518446,5.062126176922186,4.29042880036533,3.31325359130809,2
174,1.2571553975234715,6.389603741656528,6.689763958732083,1.7947927515443105,4.992730792630333,13.4,3.91,2.48,23.0,102.0,1.8,0.75,0.43,1.41,7.3,0.7,1.56,750.0,5.147942387839375,4.732282320474442,3.148471981146794,4.319404211036729,5.478130645017312,2
175,3.057419424412685,3.8020885619541773,6.685606601446773,2.4746197446100244,3.863205307070015,13.27,4.28,2.26,20.0,120.0,1.59,0.69,0.43,1.35,10.2,0.59,1.56,835.0,3.69580136078652,2.4366758985221035,3.717878647543044,3.5113788230791543,5.3678761757502995,2
176,4.369760248521756,1.3795073967595513,3.4192258622260034,6.062287433598489,4.237886421199811,13.17,2.59,2.37,20.0,120.0,1.65,0.68,0.53,1.46,9.3,0.6,1.62,840.0,4.42448344078176,3.240452715485831,5.506666417294623,5.73761760012332,4.959977205048746,2
177,7.027901479538688,1.4996508025841186,7.376617659479806,1.1593532448507613,7.345883053688533,14.13,4.1,2.74,24.5,96.0,2.05,0.76,0.56,1.35,9.2,0.61,1.6,560.0,4.54099923671427,4.409645156941981,4.550323764766047,5.6131576618684385,3.578891624961822,2
